recipient_code,recipient_name,source_code,source_name,year,remittance_estimate_usd,source_share_pct,source_workbook,source_url
FJ,Fiji,ASM,American Samoa,2010,98935.4,,world_bank_bilateral_remittances_2010.xlsx,https://web.archive.org/web/20160531235700id_/http://pubdocs.worldbank.org:80/pubdocs/publicdoc/2015/9/895701443117529385/Bilateral-Remittance-Matrix-2010.xlsx
WS,Samoa,ASM,American Samoa,2010,14262402.53,,world_bank_bilateral_remittances_2010.xlsx,https://web.archive.org/web/20160531235700id_/http://pubdocs.worldbank.org:80/pubdocs/publicdoc/2015/9/895701443117529385/Bilateral-Remittance-Matrix-2010.xlsx
TO,Tonga,ASM,American Samoa,2010,1341892.84,,world_bank_bilateral_remittances_2010.xlsx,https://web.archive.org/web/20160531235700id_/http://pubdocs.worldbank.org:80/pubdocs/publicdoc/2015/9/895701443117529385/Bilateral-Remittance-Matrix-2010.xlsx
FJ,Fiji,AUS,Australia,2010,52614387.51,,world_bank_bilateral_remittances_2010.xlsx,https://web.archive.org/web/20160531235700id_/http://pubdocs.worldbank.org:80/pubdocs/publicdoc/2015/9/895701443117529385/Bilateral-Remittance-Matrix-2010.xlsx
PG,Papua New Guinea,AUS,Australia,2010,6655443.19,,world_bank_bilateral_remittances_2010.xlsx,https://web.archive.org/web/20160531235700id_/http://pubdocs.worldbank.org:80/pubdocs/publicdoc/2015/9/895701443117529385/Bilateral-Remittance-Matrix-2010.xlsx
WS,Samoa,AUS,Australia,2010,20633636.47,,world_bank_bilateral_remittances_2010.xlsx,https://web.archive.org/web/20160531235700id_/http://pubdocs.worldbank.org:80/pubdocs/publicdoc/2015/9/895701443117529385/Bilateral-Remittance-Matrix-2010.xlsx
SB,Solomon Islands,AUS,Australia,2010,784174.62,,world_bank_bilateral_remittances_2010.xlsx,https://web.archive.org/web/20160531235700id_/http://pubdocs.worldbank.org:80/pubdocs/publicdoc/2015/9/895701443117529385/Bilateral-Remittance-Matrix-2010.xlsx
TO,Tonga,AUS,Australia,2010,14687909.13,,world_bank_bilateral_remittances_2010.xlsx,https://web.archive.org/web/20160531235700id_/http://pubdocs.worldbank.org:80/pubdocs/publicdoc/2015/9/895701443117529385/Bilateral-Remittance-Matrix-2010.xlsx
VU,Vanuatu,AUS,Australia,2010,4559196.95,,world_bank_bilateral_remittances_2010.xlsx,https://web.archive.org/web/20160531235700id_/http://pubdocs.worldbank.org:80/pubdocs/publicdoc/2015/9/895701443117529385/Bilateral-Remittance-Matrix-2010.xlsx
FJ,Fiji,BEL,Belgium,2010,20042.77,,world_bank_bilateral_remittances_2010.xlsx,https://web.archive.org/web/20160531235700id_/http://pubdocs.worldbank.org:80/pubdocs/publicdoc/2015/9/895701443117529385/Bilateral-Remittance-Matrix-2010.xlsx
PG,Papua New Guinea,BEL,Belgium,2010,10920.72,,world_bank_bilateral_remittances_2010.xlsx,https://web.archive.org/web/20160531235700id_/http://pubdocs.worldbank.org:80/pubdocs/publicdoc/2015/9/895701443117529385/Bilateral-Remittance-Matrix-2010.xlsx
WS,Samoa,BEL,Belgium,2010,4516.72,,world_bank_bilateral_remittances_2010.xlsx,https://web.archive.org/web/20160531235700id_/http://pubdocs.worldbank.org:80/pubdocs/publicdoc/2015/9/895701443117529385/Bilateral-Remittance-Matrix-2010.xlsx
SB,Solomon Islands,BEL,Belgium,2010,1609.87,,world_bank_bilateral_remittances_2010.xlsx,https://web.archive.org/web/20160531235700id_/http://pubdocs.worldbank.org:80/pubdocs/publicdoc/2015/9/895701443117529385/Bilateral-Remittance-Matrix-2010.xlsx
TO,Tonga,BEL,Belgium,2010,4211.36,,world_bank_bilateral_remittances_2010.xlsx,https://web.archive.org/web/20160531235700id_/http://pubdocs.worldbank.org:80/pubdocs/publicdoc/2015/9/895701443117529385/Bilateral-Remittance-Matrix-2010.xlsx
VU,Vanuatu,BEL,Belgium,2010,36232.86,,world_bank_bilateral_remittances_2010.xlsx,https://web.archive.org/web/20160531235700id_/http://pubdocs.worldbank.org:80/pubdocs/publicdoc/2015/9/895701443117529385/Bilateral-Remittance-Matrix-2010.xlsx
FJ,Fiji,BLZ,Belize,2010,1625.34,,world_bank_bilateral_remittances_2010.xlsx,https://web.archive.org/web/20160531235700id_/http://pubdocs.worldbank.org:80/pubdocs/publicdoc/2015/9/895701443117529385/Bilateral-Remittance-Matrix-2010.xlsx
FJ,Fiji,BOL,Bolivia,2010,957.6,,world_bank_bilateral_remittances_2010.xlsx,https://web.archive.org/web/20160531235700id_/http://pubdocs.worldbank.org:80/pubdocs/publicdoc/2015/9/895701443117529385/Bilateral-Remittance-Matrix-2010.xlsx
PG,Papua New Guinea,BOL,Bolivia,2010,206.7,,world_bank_bilateral_remittances_2010.xlsx,https://web.archive.org/web/20160531235700id_/http://pubdocs.worldbank.org:80/pubdocs/publicdoc/2015/9/895701443117529385/Bilateral-Remittance-Matrix-2010.xlsx
FJ,Fiji,CAN,Canada,2010,25057897.57,,world_bank_bilateral_remittances_2010.xlsx,https://web.archive.org/web/20160531235700id_/http://pubdocs.worldbank.org:80/pubdocs/publicdoc/2015/9/895701443117529385/Bilateral-Remittance-Matrix-2010.xlsx
PG,Papua New Guinea,CAN,Canada,2010,115813.23,,world_bank_bilateral_remittances_2010.xlsx,https://web.archive.org/web/20160531235700id_/http://pubdocs.worldbank.org:80/pubdocs/publicdoc/2015/9/895701443117529385/Bilateral-Remittance-Matrix-2010.xlsx
WS,Samoa,CAN,Canada,2010,106501.8,,world_bank_bilateral_remittances_2010.xlsx,https://web.archive.org/web/20160531235700id_/http://pubdocs.worldbank.org:80/pubdocs/publicdoc/2015/9/895701443117529385/Bilateral-Remittance-Matrix-2010.xlsx
SB,Solomon Islands,CAN,Canada,2010,17703.28,,world_bank_bilateral_remittances_2010.xlsx,https://web.archive.org/web/20160531235700id_/http://pubdocs.worldbank.org:80/pubdocs/publicdoc/2015/9/895701443117529385/Bilateral-Remittance-Matrix-2010.xlsx
TO,Tonga,CAN,Canada,2010,208552.99,,world_bank_bilateral_remittances_2010.xlsx,https://web.archive.org/web/20160531235700id_/http://pubdocs.worldbank.org:80/pubdocs/publicdoc/2015/9/895701443117529385/Bilateral-Remittance-Matrix-2010.xlsx
VU,Vanuatu,CAN,Canada,2010,85435.81,,world_bank_bilateral_remittances_2010.xlsx,https://web.archive.org/web/20160531235700id_/http://pubdocs.worldbank.org:80/pubdocs/publicdoc/2015/9/895701443117529385/Bilateral-Remittance-Matrix-2010.xlsx
FJ,Fiji,CYM,Cayman Islands,2010,1661.16,,world_bank_bilateral_remittances_2010.xlsx,https://web.archive.org/web/20160531235700id_/http://pubdocs.worldbank.org:80/pubdocs/publicdoc/2015/9/895701443117529385/Bilateral-Remittance-Matrix-2010.xlsx
PG,Papua New Guinea,CYM,Cayman Islands,2010,319.15,,world_bank_bilateral_remittances_2010.xlsx,https://web.archive.org/web/20160531235700id_/http://pubdocs.worldbank.org:80/pubdocs/publicdoc/2015/9/895701443117529385/Bilateral-Remittance-Matrix-2010.xlsx
WS,Samoa,CYM,Cayman Islands,2010,4137.19,,world_bank_bilateral_remittances_2010.xlsx,https://web.archive.org/web/20160531235700id_/http://pubdocs.worldbank.org:80/pubdocs/publicdoc/2015/9/895701443117529385/Bilateral-Remittance-Matrix-2010.xlsx
SB,Solomon Islands,CYM,Cayman Islands,2010,537.77,,world_bank_bilateral_remittances_2010.xlsx,https://web.archive.org/web/20160531235700id_/http://pubdocs.worldbank.org:80/pubdocs/publicdoc/2015/9/895701443117529385/Bilateral-Remittance-Matrix-2010.xlsx
FJ,Fiji,CHL,Chile,2010,11959.92,,world_bank_bilateral_remittances_2010.xlsx,https://web.archive.org/web/20160531235700id_/http://pubdocs.worldbank.org:80/pubdocs/publicdoc/2015/9/895701443117529385/Bilateral-Remittance-Matrix-2010.xlsx
PG,Papua New Guinea,CHL,Chile,2010,1114.89,,world_bank_bilateral_remittances_2010.xlsx,https://web.archive.org/web/20160531235700id_/http://pubdocs.worldbank.org:80/pubdocs/publicdoc/2015/9/895701443117529385/Bilateral-Remittance-Matrix-2010.xlsx
WS,Samoa,CHL,Chile,2010,4539.79,,world_bank_bilateral_remittances_2010.xlsx,https://web.archive.org/web/20160531235700id_/http://pubdocs.worldbank.org:80/pubdocs/publicdoc/2015/9/895701443117529385/Bilateral-Remittance-Matrix-2010.xlsx
TO,Tonga,CHL,Chile,2010,633362.95,,world_bank_bilateral_remittances_2010.xlsx,https://web.archive.org/web/20160531235700id_/http://pubdocs.worldbank.org:80/pubdocs/publicdoc/2015/9/895701443117529385/Bilateral-Remittance-Matrix-2010.xlsx
VU,Vanuatu,COL,Colombia,2010,402057.23,,world_bank_bilateral_remittances_2010.xlsx,https://web.archive.org/web/20160531235700id_/http://pubdocs.worldbank.org:80/pubdocs/publicdoc/2015/9/895701443117529385/Bilateral-Remittance-Matrix-2010.xlsx
FJ,Fiji,CYP,Cyprus,2010,4366.59,,world_bank_bilateral_remittances_2010.xlsx,https://web.archive.org/web/20160531235700id_/http://pubdocs.worldbank.org:80/pubdocs/publicdoc/2015/9/895701443117529385/Bilateral-Remittance-Matrix-2010.xlsx
FJ,Fiji,CZE,Czech Republic,2010,5452.11,,world_bank_bilateral_remittances_2010.xlsx,https://web.archive.org/web/20160531235700id_/http://pubdocs.worldbank.org:80/pubdocs/publicdoc/2015/9/895701443117529385/Bilateral-Remittance-Matrix-2010.xlsx
PG,Papua New Guinea,CZE,Czech Republic,2010,379.56,,world_bank_bilateral_remittances_2010.xlsx,https://web.archive.org/web/20160531235700id_/http://pubdocs.worldbank.org:80/pubdocs/publicdoc/2015/9/895701443117529385/Bilateral-Remittance-Matrix-2010.xlsx
WS,Samoa,CZE,Czech Republic,2010,1978.95,,world_bank_bilateral_remittances_2010.xlsx,https://web.archive.org/web/20160531235700id_/http://pubdocs.worldbank.org:80/pubdocs/publicdoc/2015/9/895701443117529385/Bilateral-Remittance-Matrix-2010.xlsx
SB,Solomon Islands,CZE,Czech Republic,2010,333.08,,world_bank_bilateral_remittances_2010.xlsx,https://web.archive.org/web/20160531235700id_/http://pubdocs.worldbank.org:80/pubdocs/publicdoc/2015/9/895701443117529385/Bilateral-Remittance-Matrix-2010.xlsx
TO,Tonga,CZE,Czech Republic,2010,12555.85,,world_bank_bilateral_remittances_2010.xlsx,https://web.archive.org/web/20160531235700id_/http://pubdocs.worldbank.org:80/pubdocs/publicdoc/2015/9/895701443117529385/Bilateral-Remittance-Matrix-2010.xlsx
VU,Vanuatu,CZE,Czech Republic,2010,14891.74,,world_bank_bilateral_remittances_2010.xlsx,https://web.archive.org/web/20160531235700id_/http://pubdocs.worldbank.org:80/pubdocs/publicdoc/2015/9/895701443117529385/Bilateral-Remittance-Matrix-2010.xlsx
FJ,Fiji,DNK,Denmark,2010,24241.04,,world_bank_bilateral_remittances_2010.xlsx,https://web.archive.org/web/20160531235700id_/http://pubdocs.worldbank.org:80/pubdocs/publicdoc/2015/9/895701443117529385/Bilateral-Remittance-Matrix-2010.xlsx
PG,Papua New Guinea,DNK,Denmark,2010,2830.17,,world_bank_bilateral_remittances_2010.xlsx,https://web.archive.org/web/20160531235700id_/http://pubdocs.worldbank.org:80/pubdocs/publicdoc/2015/9/895701443117529385/Bilateral-Remittance-Matrix-2010.xlsx
WS,Samoa,DNK,Denmark,2010,17039.66,,world_bank_bilateral_remittances_2010.xlsx,https://web.archive.org/web/20160531235700id_/http://pubdocs.worldbank.org:80/pubdocs/publicdoc/2015/9/895701443117529385/Bilateral-Remittance-Matrix-2010.xlsx
SB,Solomon Islands,DNK,Denmark,2010,1113.84,,world_bank_bilateral_remittances_2010.xlsx,https://web.archive.org/web/20160531235700id_/http://pubdocs.worldbank.org:80/pubdocs/publicdoc/2015/9/895701443117529385/Bilateral-Remittance-Matrix-2010.xlsx
TO,Tonga,DNK,Denmark,2010,28128.72,,world_bank_bilateral_remittances_2010.xlsx,https://web.archive.org/web/20160531235700id_/http://pubdocs.worldbank.org:80/pubdocs/publicdoc/2015/9/895701443117529385/Bilateral-Remittance-Matrix-2010.xlsx
VU,Vanuatu,DNK,Denmark,2010,18637.98,,world_bank_bilateral_remittances_2010.xlsx,https://web.archive.org/web/20160531235700id_/http://pubdocs.worldbank.org:80/pubdocs/publicdoc/2015/9/895701443117529385/Bilateral-Remittance-Matrix-2010.xlsx
WS,Samoa,DOM,Dominican Republic,2010,3617.39,,world_bank_bilateral_remittances_2010.xlsx,https://web.archive.org/web/20160531235700id_/http://pubdocs.worldbank.org:80/pubdocs/publicdoc/2015/9/895701443117529385/Bilateral-Remittance-Matrix-2010.xlsx
TO,Tonga,DOM,Dominican Republic,2010,25808.78,,world_bank_bilateral_remittances_2010.xlsx,https://web.archive.org/web/20160531235700id_/http://pubdocs.worldbank.org:80/pubdocs/publicdoc/2015/9/895701443117529385/Bilateral-Remittance-Matrix-2010.xlsx
PG,Papua New Guinea,ECU,Ecuador,2010,453.55,,world_bank_bilateral_remittances_2010.xlsx,https://web.archive.org/web/20160531235700id_/http://pubdocs.worldbank.org:80/pubdocs/publicdoc/2015/9/895701443117529385/Bilateral-Remittance-Matrix-2010.xlsx
PG,Papua New Guinea,FJI,Fiji,2010,124498.78,,world_bank_bilateral_remittances_2010.xlsx,https://web.archive.org/web/20160531235700id_/http://pubdocs.worldbank.org:80/pubdocs/publicdoc/2015/9/895701443117529385/Bilateral-Remittance-Matrix-2010.xlsx
WS,Samoa,FJI,Fiji,2010,487494.77,,world_bank_bilateral_remittances_2010.xlsx,https://web.archive.org/web/20160531235700id_/http://pubdocs.worldbank.org:80/pubdocs/publicdoc/2015/9/895701443117529385/Bilateral-Remittance-Matrix-2010.xlsx
SB,Solomon Islands,FJI,Fiji,2010,17841.54,,world_bank_bilateral_remittances_2010.xlsx,https://web.archive.org/web/20160531235700id_/http://pubdocs.worldbank.org:80/pubdocs/publicdoc/2015/9/895701443117529385/Bilateral-Remittance-Matrix-2010.xlsx
TO,Tonga,FJI,Fiji,2010,394534.47,,world_bank_bilateral_remittances_2010.xlsx,https://web.archive.org/web/20160531235700id_/http://pubdocs.worldbank.org:80/pubdocs/publicdoc/2015/9/895701443117529385/Bilateral-Remittance-Matrix-2010.xlsx
VU,Vanuatu,FJI,Fiji,2010,86758.23,,world_bank_bilateral_remittances_2010.xlsx,https://web.archive.org/web/20160531235700id_/http://pubdocs.worldbank.org:80/pubdocs/publicdoc/2015/9/895701443117529385/Bilateral-Remittance-Matrix-2010.xlsx
FJ,Fiji,FIN,Finland,2010,10454.43,,world_bank_bilateral_remittances_2010.xlsx,https://web.archive.org/web/20160531235700id_/http://pubdocs.worldbank.org:80/pubdocs/publicdoc/2015/9/895701443117529385/Bilateral-Remittance-Matrix-2010.xlsx
PG,Papua New Guinea,FIN,Finland,2010,1527.91,,world_bank_bilateral_remittances_2010.xlsx,https://web.archive.org/web/20160531235700id_/http://pubdocs.worldbank.org:80/pubdocs/publicdoc/2015/9/895701443117529385/Bilateral-Remittance-Matrix-2010.xlsx
TO,Tonga,FIN,Finland,2010,2668.26,,world_bank_bilateral_remittances_2010.xlsx,https://web.archive.org/web/20160531235700id_/http://pubdocs.worldbank.org:80/pubdocs/publicdoc/2015/9/895701443117529385/Bilateral-Remittance-Matrix-2010.xlsx
FJ,Fiji,FRA,France,2010,96786.45,,world_bank_bilateral_remittances_2010.xlsx,https://web.archive.org/web/20160531235700id_/http://pubdocs.worldbank.org:80/pubdocs/publicdoc/2015/9/895701443117529385/Bilateral-Remittance-Matrix-2010.xlsx
PG,Papua New Guinea,FRA,France,2010,30099.69,,world_bank_bilateral_remittances_2010.xlsx,https://web.archive.org/web/20160531235700id_/http://pubdocs.worldbank.org:80/pubdocs/publicdoc/2015/9/895701443117529385/Bilateral-Remittance-Matrix-2010.xlsx
WS,Samoa,FRA,France,2010,26189.06,,world_bank_bilateral_remittances_2010.xlsx,https://web.archive.org/web/20160531235700id_/http://pubdocs.worldbank.org:80/pubdocs/publicdoc/2015/9/895701443117529385/Bilateral-Remittance-Matrix-2010.xlsx
SB,Solomon Islands,FRA,France,2010,2636.11,,world_bank_bilateral_remittances_2010.xlsx,https://web.archive.org/web/20160531235700id_/http://pubdocs.worldbank.org:80/pubdocs/publicdoc/2015/9/895701443117529385/Bilateral-Remittance-Matrix-2010.xlsx
TO,Tonga,FRA,France,2010,363403.56,,world_bank_bilateral_remittances_2010.xlsx,https://web.archive.org/web/20160531235700id_/http://pubdocs.worldbank.org:80/pubdocs/publicdoc/2015/9/895701443117529385/Bilateral-Remittance-Matrix-2010.xlsx
VU,Vanuatu,FRA,France,2010,2213696.72,,world_bank_bilateral_remittances_2010.xlsx,https://web.archive.org/web/20160531235700id_/http://pubdocs.worldbank.org:80/pubdocs/publicdoc/2015/9/895701443117529385/Bilateral-Remittance-Matrix-2010.xlsx
FJ,Fiji,DEU,Germany,2010,100180.72,,world_bank_bilateral_remittances_2010.xlsx,https://web.archive.org/web/20160531235700id_/http://pubdocs.worldbank.org:80/pubdocs/publicdoc/2015/9/895701443117529385/Bilateral-Remittance-Matrix-2010.xlsx
PG,Papua New Guinea,DEU,Germany,2010,9034.04,,world_bank_bilateral_remittances_2010.xlsx,https://web.archive.org/web/20160531235700id_/http://pubdocs.worldbank.org:80/pubdocs/publicdoc/2015/9/895701443117529385/Bilateral-Remittance-Matrix-2010.xlsx
WS,Samoa,DEU,Germany,2010,74761.41,,world_bank_bilateral_remittances_2010.xlsx,https://web.archive.org/web/20160531235700id_/http://pubdocs.worldbank.org:80/pubdocs/publicdoc/2015/9/895701443117529385/Bilateral-Remittance-Matrix-2010.xlsx
SB,Solomon Islands,DEU,Germany,2010,2959.22,,world_bank_bilateral_remittances_2010.xlsx,https://web.archive.org/web/20160531235700id_/http://pubdocs.worldbank.org:80/pubdocs/publicdoc/2015/9/895701443117529385/Bilateral-Remittance-Matrix-2010.xlsx
TO,Tonga,DEU,Germany,2010,132453.53,,world_bank_bilateral_remittances_2010.xlsx,https://web.archive.org/web/20160531235700id_/http://pubdocs.worldbank.org:80/pubdocs/publicdoc/2015/9/895701443117529385/Bilateral-Remittance-Matrix-2010.xlsx
VU,Vanuatu,DEU,Germany,2010,34984.58,,world_bank_bilateral_remittances_2010.xlsx,https://web.archive.org/web/20160531235700id_/http://pubdocs.worldbank.org:80/pubdocs/publicdoc/2015/9/895701443117529385/Bilateral-Remittance-Matrix-2010.xlsx
FJ,Fiji,GRC,Greece,2010,7924.16,,world_bank_bilateral_remittances_2010.xlsx,https://web.archive.org/web/20160531235700id_/http://pubdocs.worldbank.org:80/pubdocs/publicdoc/2015/9/895701443117529385/Bilateral-Remittance-Matrix-2010.xlsx
PG,Papua New Guinea,GRC,Greece,2010,559.45,,world_bank_bilateral_remittances_2010.xlsx,https://web.archive.org/web/20160531235700id_/http://pubdocs.worldbank.org:80/pubdocs/publicdoc/2015/9/895701443117529385/Bilateral-Remittance-Matrix-2010.xlsx
WS,Samoa,GRC,Greece,2010,1440.0,,world_bank_bilateral_remittances_2010.xlsx,https://web.archive.org/web/20160531235700id_/http://pubdocs.worldbank.org:80/pubdocs/publicdoc/2015/9/895701443117529385/Bilateral-Remittance-Matrix-2010.xlsx
SB,Solomon Islands,GRC,Greece,2010,1967.83,,world_bank_bilateral_remittances_2010.xlsx,https://web.archive.org/web/20160531235700id_/http://pubdocs.worldbank.org:80/pubdocs/publicdoc/2015/9/895701443117529385/Bilateral-Remittance-Matrix-2010.xlsx
VU,Vanuatu,GRC,Greece,2010,8667.58,,world_bank_bilateral_remittances_2010.xlsx,https://web.archive.org/web/20160531235700id_/http://pubdocs.worldbank.org:80/pubdocs/publicdoc/2015/9/895701443117529385/Bilateral-Remittance-Matrix-2010.xlsx
FJ,Fiji,HUN,Hungary,2010,713.34,,world_bank_bilateral_remittances_2010.xlsx,https://web.archive.org/web/20160531235700id_/http://pubdocs.worldbank.org:80/pubdocs/publicdoc/2015/9/895701443117529385/Bilateral-Remittance-Matrix-2010.xlsx
PG,Papua New Guinea,HUN,Hungary,2010,341.43,,world_bank_bilateral_remittances_2010.xlsx,https://web.archive.org/web/20160531235700id_/http://pubdocs.worldbank.org:80/pubdocs/publicdoc/2015/9/895701443117529385/Bilateral-Remittance-Matrix-2010.xlsx
WS,Samoa,HUN,Hungary,2010,904.73,,world_bank_bilateral_remittances_2010.xlsx,https://web.archive.org/web/20160531235700id_/http://pubdocs.worldbank.org:80/pubdocs/publicdoc/2015/9/895701443117529385/Bilateral-Remittance-Matrix-2010.xlsx
TO,Tonga,HUN,Hungary,2010,1278.89,,world_bank_bilateral_remittances_2010.xlsx,https://web.archive.org/web/20160531235700id_/http://pubdocs.worldbank.org:80/pubdocs/publicdoc/2015/9/895701443117529385/Bilateral-Remittance-Matrix-2010.xlsx
FJ,Fiji,IND,India,2010,101234.27,,world_bank_bilateral_remittances_2010.xlsx,https://web.archive.org/web/20160531235700id_/http://pubdocs.worldbank.org:80/pubdocs/publicdoc/2015/9/895701443117529385/Bilateral-Remittance-Matrix-2010.xlsx
FJ,Fiji,IRL,Ireland,2010,40313.7,,world_bank_bilateral_remittances_2010.xlsx,https://web.archive.org/web/20160531235700id_/http://pubdocs.worldbank.org:80/pubdocs/publicdoc/2015/9/895701443117529385/Bilateral-Remittance-Matrix-2010.xlsx
PG,Papua New Guinea,IRL,Ireland,2010,487.66,,world_bank_bilateral_remittances_2010.xlsx,https://web.archive.org/web/20160531235700id_/http://pubdocs.worldbank.org:80/pubdocs/publicdoc/2015/9/895701443117529385/Bilateral-Remittance-Matrix-2010.xlsx
WS,Samoa,IRL,Ireland,2010,46519.96,,world_bank_bilateral_remittances_2010.xlsx,https://web.archive.org/web/20160531235700id_/http://pubdocs.worldbank.org:80/pubdocs/publicdoc/2015/9/895701443117529385/Bilateral-Remittance-Matrix-2010.xlsx
SB,Solomon Islands,IRL,Ireland,2010,861.1,,world_bank_bilateral_remittances_2010.xlsx,https://web.archive.org/web/20160531235700id_/http://pubdocs.worldbank.org:80/pubdocs/publicdoc/2015/9/895701443117529385/Bilateral-Remittance-Matrix-2010.xlsx
VU,Vanuatu,IRL,Ireland,2010,7366.46,,world_bank_bilateral_remittances_2010.xlsx,https://web.archive.org/web/20160531235700id_/http://pubdocs.worldbank.org:80/pubdocs/publicdoc/2015/9/895701443117529385/Bilateral-Remittance-Matrix-2010.xlsx
FJ,Fiji,ITA,Italy,2010,48450.94,,world_bank_bilateral_remittances_2010.xlsx,https://web.archive.org/web/20160531235700id_/http://pubdocs.worldbank.org:80/pubdocs/publicdoc/2015/9/895701443117529385/Bilateral-Remittance-Matrix-2010.xlsx
PG,Papua New Guinea,ITA,Italy,2010,14242.15,,world_bank_bilateral_remittances_2010.xlsx,https://web.archive.org/web/20160531235700id_/http://pubdocs.worldbank.org:80/pubdocs/publicdoc/2015/9/895701443117529385/Bilateral-Remittance-Matrix-2010.xlsx
WS,Samoa,ITA,Italy,2010,99818.9,,world_bank_bilateral_remittances_2010.xlsx,https://web.archive.org/web/20160531235700id_/http://pubdocs.worldbank.org:80/pubdocs/publicdoc/2015/9/895701443117529385/Bilateral-Remittance-Matrix-2010.xlsx
SB,Solomon Islands,ITA,Italy,2010,1196.14,,world_bank_bilateral_remittances_2010.xlsx,https://web.archive.org/web/20160531235700id_/http://pubdocs.worldbank.org:80/pubdocs/publicdoc/2015/9/895701443117529385/Bilateral-Remittance-Matrix-2010.xlsx
TO,Tonga,ITA,Italy,2010,13615.83,,world_bank_bilateral_remittances_2010.xlsx,https://web.archive.org/web/20160531235700id_/http://pubdocs.worldbank.org:80/pubdocs/publicdoc/2015/9/895701443117529385/Bilateral-Remittance-Matrix-2010.xlsx
VU,Vanuatu,ITA,Italy,2010,8343.01,,world_bank_bilateral_remittances_2010.xlsx,https://web.archive.org/web/20160531235700id_/http://pubdocs.worldbank.org:80/pubdocs/publicdoc/2015/9/895701443117529385/Bilateral-Remittance-Matrix-2010.xlsx
FJ,Fiji,JPN,Japan,2010,160453.11,,world_bank_bilateral_remittances_2010.xlsx,https://web.archive.org/web/20160531235700id_/http://pubdocs.worldbank.org:80/pubdocs/publicdoc/2015/9/895701443117529385/Bilateral-Remittance-Matrix-2010.xlsx
PG,Papua New Guinea,JPN,Japan,2010,16324.98,,world_bank_bilateral_remittances_2010.xlsx,https://web.archive.org/web/20160531235700id_/http://pubdocs.worldbank.org:80/pubdocs/publicdoc/2015/9/895701443117529385/Bilateral-Remittance-Matrix-2010.xlsx
WS,Samoa,JPN,Japan,2010,76336.47,,world_bank_bilateral_remittances_2010.xlsx,https://web.archive.org/web/20160531235700id_/http://pubdocs.worldbank.org:80/pubdocs/publicdoc/2015/9/895701443117529385/Bilateral-Remittance-Matrix-2010.xlsx
SB,Solomon Islands,JPN,Japan,2010,10129.99,,world_bank_bilateral_remittances_2010.xlsx,https://web.archive.org/web/20160531235700id_/http://pubdocs.worldbank.org:80/pubdocs/publicdoc/2015/9/895701443117529385/Bilateral-Remittance-Matrix-2010.xlsx
TO,Tonga,JPN,Japan,2010,184449.79,,world_bank_bilateral_remittances_2010.xlsx,https://web.archive.org/web/20160531235700id_/http://pubdocs.worldbank.org:80/pubdocs/publicdoc/2015/9/895701443117529385/Bilateral-Remittance-Matrix-2010.xlsx
VU,Vanuatu,JPN,Japan,2010,16642.56,,world_bank_bilateral_remittances_2010.xlsx,https://web.archive.org/web/20160531235700id_/http://pubdocs.worldbank.org:80/pubdocs/publicdoc/2015/9/895701443117529385/Bilateral-Remittance-Matrix-2010.xlsx
WS,Samoa,KIR,Kiribati,2010,240722.16,,world_bank_bilateral_remittances_2010.xlsx,https://web.archive.org/web/20160531235700id_/http://pubdocs.worldbank.org:80/pubdocs/publicdoc/2015/9/895701443117529385/Bilateral-Remittance-Matrix-2010.xlsx
TO,Tonga,KIR,Kiribati,2010,200303.7,,world_bank_bilateral_remittances_2010.xlsx,https://web.archive.org/web/20160531235700id_/http://pubdocs.worldbank.org:80/pubdocs/publicdoc/2015/9/895701443117529385/Bilateral-Remittance-Matrix-2010.xlsx
FJ,Fiji,LUX,Luxembourg,2010,3630.68,,world_bank_bilateral_remittances_2010.xlsx,https://web.archive.org/web/20160531235700id_/http://pubdocs.worldbank.org:80/pubdocs/publicdoc/2015/9/895701443117529385/Bilateral-Remittance-Matrix-2010.xlsx
VU,Vanuatu,LUX,Luxembourg,2010,4668.0,,world_bank_bilateral_remittances_2010.xlsx,https://web.archive.org/web/20160531235700id_/http://pubdocs.worldbank.org:80/pubdocs/publicdoc/2015/9/895701443117529385/Bilateral-Remittance-Matrix-2010.xlsx
FJ,Fiji,MEX,Mexico,2010,2058.65,,world_bank_bilateral_remittances_2010.xlsx,https://web.archive.org/web/20160531235700id_/http://pubdocs.worldbank.org:80/pubdocs/publicdoc/2015/9/895701443117529385/Bilateral-Remittance-Matrix-2010.xlsx
PG,Papua New Guinea,MEX,Mexico,2010,238.83,,world_bank_bilateral_remittances_2010.xlsx,https://web.archive.org/web/20160531235700id_/http://pubdocs.worldbank.org:80/pubdocs/publicdoc/2015/9/895701443117529385/Bilateral-Remittance-Matrix-2010.xlsx
WS,Samoa,MEX,Mexico,2010,9113.17,,world_bank_bilateral_remittances_2010.xlsx,https://web.archive.org/web/20160531235700id_/http://pubdocs.worldbank.org:80/pubdocs/publicdoc/2015/9/895701443117529385/Bilateral-Remittance-Matrix-2010.xlsx
FJ,Fiji,NLD,Netherlands,2010,56826.16,,world_bank_bilateral_remittances_2010.xlsx,https://web.archive.org/web/20160531235700id_/http://pubdocs.worldbank.org:80/pubdocs/publicdoc/2015/9/895701443117529385/Bilateral-Remittance-Matrix-2010.xlsx
PG,Papua New Guinea,NLD,Netherlands,2010,30145.26,,world_bank_bilateral_remittances_2010.xlsx,https://web.archive.org/web/20160531235700id_/http://pubdocs.worldbank.org:80/pubdocs/publicdoc/2015/9/895701443117529385/Bilateral-Remittance-Matrix-2010.xlsx
WS,Samoa,NLD,Netherlands,2010,18442.21,,world_bank_bilateral_remittances_2010.xlsx,https://web.archive.org/web/20160531235700id_/http://pubdocs.worldbank.org:80/pubdocs/publicdoc/2015/9/895701443117529385/Bilateral-Remittance-Matrix-2010.xlsx
SB,Solomon Islands,NLD,Netherlands,2010,5382.29,,world_bank_bilateral_remittances_2010.xlsx,https://web.archive.org/web/20160531235700id_/http://pubdocs.worldbank.org:80/pubdocs/publicdoc/2015/9/895701443117529385/Bilateral-Remittance-Matrix-2010.xlsx
TO,Tonga,NLD,Netherlands,2010,26184.2,,world_bank_bilateral_remittances_2010.xlsx,https://web.archive.org/web/20160531235700id_/http://pubdocs.worldbank.org:80/pubdocs/publicdoc/2015/9/895701443117529385/Bilateral-Remittance-Matrix-2010.xlsx
VU,Vanuatu,NLD,Netherlands,2010,26308.07,,world_bank_bilateral_remittances_2010.xlsx,https://web.archive.org/web/20160531235700id_/http://pubdocs.worldbank.org:80/pubdocs/publicdoc/2015/9/895701443117529385/Bilateral-Remittance-Matrix-2010.xlsx
FJ,Fiji,NCL,New Caledonia,2010,2097634.08,,world_bank_bilateral_remittances_2010.xlsx,https://web.archive.org/web/20160531235700id_/http://pubdocs.worldbank.org:80/pubdocs/publicdoc/2015/9/895701443117529385/Bilateral-Remittance-Matrix-2010.xlsx
PG,Papua New Guinea,NCL,New Caledonia,2010,2283456.33,,world_bank_bilateral_remittances_2010.xlsx,https://web.archive.org/web/20160531235700id_/http://pubdocs.worldbank.org:80/pubdocs/publicdoc/2015/9/895701443117529385/Bilateral-Remittance-Matrix-2010.xlsx
SB,Solomon Islands,NCL,New Caledonia,2010,354497.08,,world_bank_bilateral_remittances_2010.xlsx,https://web.archive.org/web/20160531235700id_/http://pubdocs.worldbank.org:80/pubdocs/publicdoc/2015/9/895701443117529385/Bilateral-Remittance-Matrix-2010.xlsx
VU,Vanuatu,NCL,New Caledonia,2010,1464692.59,,world_bank_bilateral_remittances_2010.xlsx,https://web.archive.org/web/20160531235700id_/http://pubdocs.worldbank.org:80/pubdocs/publicdoc/2015/9/895701443117529385/Bilateral-Remittance-Matrix-2010.xlsx
FJ,Fiji,NZL,New Zealand,2010,33604980.47,,world_bank_bilateral_remittances_2010.xlsx,https://web.archive.org/web/20160531235700id_/http://pubdocs.worldbank.org:80/pubdocs/publicdoc/2015/9/895701443117529385/Bilateral-Remittance-Matrix-2010.xlsx
PG,Papua New Guinea,NZL,New Zealand,2010,277563.33,,world_bank_bilateral_remittances_2010.xlsx,https://web.archive.org/web/20160531235700id_/http://pubdocs.worldbank.org:80/pubdocs/publicdoc/2015/9/895701443117529385/Bilateral-Remittance-Matrix-2010.xlsx
WS,Samoa,NZL,New Zealand,2010,57406330.11,,world_bank_bilateral_remittances_2010.xlsx,https://web.archive.org/web/20160531235700id_/http://pubdocs.worldbank.org:80/pubdocs/publicdoc/2015/9/895701443117529385/Bilateral-Remittance-Matrix-2010.xlsx
SB,Solomon Islands,NZL,New Zealand,2010,203944.85,,world_bank_bilateral_remittances_2010.xlsx,https://web.archive.org/web/20160531235700id_/http://pubdocs.worldbank.org:80/pubdocs/publicdoc/2015/9/895701443117529385/Bilateral-Remittance-Matrix-2010.xlsx
TO,Tonga,NZL,New Zealand,2010,32684207.92,,world_bank_bilateral_remittances_2010.xlsx,https://web.archive.org/web/20160531235700id_/http://pubdocs.worldbank.org:80/pubdocs/publicdoc/2015/9/895701443117529385/Bilateral-Remittance-Matrix-2010.xlsx
VU,Vanuatu,NZL,New Zealand,2010,1074396.13,,world_bank_bilateral_remittances_2010.xlsx,https://web.archive.org/web/20160531235700id_/http://pubdocs.worldbank.org:80/pubdocs/publicdoc/2015/9/895701443117529385/Bilateral-Remittance-Matrix-2010.xlsx
FJ,Fiji,NOR,Norway,2010,33789.38,,world_bank_bilateral_remittances_2010.xlsx,https://web.archive.org/web/20160531235700id_/http://pubdocs.worldbank.org:80/pubdocs/publicdoc/2015/9/895701443117529385/Bilateral-Remittance-Matrix-2010.xlsx
PG,Papua New Guinea,NOR,Norway,2010,10678.46,,world_bank_bilateral_remittances_2010.xlsx,https://web.archive.org/web/20160531235700id_/http://pubdocs.worldbank.org:80/pubdocs/publicdoc/2015/9/895701443117529385/Bilateral-Remittance-Matrix-2010.xlsx
WS,Samoa,NOR,Norway,2010,3769.11,,world_bank_bilateral_remittances_2010.xlsx,https://web.archive.org/web/20160531235700id_/http://pubdocs.worldbank.org:80/pubdocs/publicdoc/2015/9/895701443117529385/Bilateral-Remittance-Matrix-2010.xlsx
SB,Solomon Islands,NOR,Norway,2010,2111.89,,world_bank_bilateral_remittances_2010.xlsx,https://web.archive.org/web/20160531235700id_/http://pubdocs.worldbank.org:80/pubdocs/publicdoc/2015/9/895701443117529385/Bilateral-Remittance-Matrix-2010.xlsx
TO,Tonga,NOR,Norway,2010,13085.95,,world_bank_bilateral_remittances_2010.xlsx,https://web.archive.org/web/20160531235700id_/http://pubdocs.worldbank.org:80/pubdocs/publicdoc/2015/9/895701443117529385/Bilateral-Remittance-Matrix-2010.xlsx
VU,Vanuatu,NOR,Norway,2010,11332.47,,world_bank_bilateral_remittances_2010.xlsx,https://web.archive.org/web/20160531235700id_/http://pubdocs.worldbank.org:80/pubdocs/publicdoc/2015/9/895701443117529385/Bilateral-Remittance-Matrix-2010.xlsx
FJ,Fiji,PAN,Panama,2010,1000.38,,world_bank_bilateral_remittances_2010.xlsx,https://web.archive.org/web/20160531235700id_/http://pubdocs.worldbank.org:80/pubdocs/publicdoc/2015/9/895701443117529385/Bilateral-Remittance-Matrix-2010.xlsx
WS,Samoa,PAN,Panama,2010,3792.92,,world_bank_bilateral_remittances_2010.xlsx,https://web.archive.org/web/20160531235700id_/http://pubdocs.worldbank.org:80/pubdocs/publicdoc/2015/9/895701443117529385/Bilateral-Remittance-Matrix-2010.xlsx
VU,Vanuatu,PAN,Panama,2010,7615.77,,world_bank_bilateral_remittances_2010.xlsx,https://web.archive.org/web/20160531235700id_/http://pubdocs.worldbank.org:80/pubdocs/publicdoc/2015/9/895701443117529385/Bilateral-Remittance-Matrix-2010.xlsx
FJ,Fiji,PER,Peru,2010,455.82,,world_bank_bilateral_remittances_2010.xlsx,https://web.archive.org/web/20160531235700id_/http://pubdocs.worldbank.org:80/pubdocs/publicdoc/2015/9/895701443117529385/Bilateral-Remittance-Matrix-2010.xlsx
PG,Papua New Guinea,PER,Peru,2010,609.04,,world_bank_bilateral_remittances_2010.xlsx,https://web.archive.org/web/20160531235700id_/http://pubdocs.worldbank.org:80/pubdocs/publicdoc/2015/9/895701443117529385/Bilateral-Remittance-Matrix-2010.xlsx
WS,Samoa,PER,Peru,2010,574.53,,world_bank_bilateral_remittances_2010.xlsx,https://web.archive.org/web/20160531235700id_/http://pubdocs.worldbank.org:80/pubdocs/publicdoc/2015/9/895701443117529385/Bilateral-Remittance-Matrix-2010.xlsx
TO,Tonga,PER,Peru,2010,3279.94,,world_bank_bilateral_remittances_2010.xlsx,https://web.archive.org/web/20160531235700id_/http://pubdocs.worldbank.org:80/pubdocs/publicdoc/2015/9/895701443117529385/Bilateral-Remittance-Matrix-2010.xlsx
FJ,Fiji,PHL,Philippines,2010,34189.27,,world_bank_bilateral_remittances_2010.xlsx,https://web.archive.org/web/20160531235700id_/http://pubdocs.worldbank.org:80/pubdocs/publicdoc/2015/9/895701443117529385/Bilateral-Remittance-Matrix-2010.xlsx
PG,Papua New Guinea,PHL,Philippines,2010,55729.12,,world_bank_bilateral_remittances_2010.xlsx,https://web.archive.org/web/20160531235700id_/http://pubdocs.worldbank.org:80/pubdocs/publicdoc/2015/9/895701443117529385/Bilateral-Remittance-Matrix-2010.xlsx
FJ,Fiji,POL,Poland,2010,1571.87,,world_bank_bilateral_remittances_2010.xlsx,https://web.archive.org/web/20160531235700id_/http://pubdocs.worldbank.org:80/pubdocs/publicdoc/2015/9/895701443117529385/Bilateral-Remittance-Matrix-2010.xlsx
PG,Papua New Guinea,POL,Poland,2010,187.69,,world_bank_bilateral_remittances_2010.xlsx,https://web.archive.org/web/20160531235700id_/http://pubdocs.worldbank.org:80/pubdocs/publicdoc/2015/9/895701443117529385/Bilateral-Remittance-Matrix-2010.xlsx
VU,Vanuatu,POL,Poland,2010,9001.37,,world_bank_bilateral_remittances_2010.xlsx,https://web.archive.org/web/20160531235700id_/http://pubdocs.worldbank.org:80/pubdocs/publicdoc/2015/9/895701443117529385/Bilateral-Remittance-Matrix-2010.xlsx
PG,Papua New Guinea,PRT,Portugal,2010,809.07,,world_bank_bilateral_remittances_2010.xlsx,https://web.archive.org/web/20160531235700id_/http://pubdocs.worldbank.org:80/pubdocs/publicdoc/2015/9/895701443117529385/Bilateral-Remittance-Matrix-2010.xlsx
WS,Samoa,PRT,Portugal,2010,4197.9,,world_bank_bilateral_remittances_2010.xlsx,https://web.archive.org/web/20160531235700id_/http://pubdocs.worldbank.org:80/pubdocs/publicdoc/2015/9/895701443117529385/Bilateral-Remittance-Matrix-2010.xlsx
TO,Tonga,PRT,Portugal,2010,13799.82,,world_bank_bilateral_remittances_2010.xlsx,https://web.archive.org/web/20160531235700id_/http://pubdocs.worldbank.org:80/pubdocs/publicdoc/2015/9/895701443117529385/Bilateral-Remittance-Matrix-2010.xlsx
FJ,Fiji,WSM,Samoa,2010,146476.22,,world_bank_bilateral_remittances_2010.xlsx,https://web.archive.org/web/20160531235700id_/http://pubdocs.worldbank.org:80/pubdocs/publicdoc/2015/9/895701443117529385/Bilateral-Remittance-Matrix-2010.xlsx
PG,Papua New Guinea,WSM,Samoa,2010,10755.06,,world_bank_bilateral_remittances_2010.xlsx,https://web.archive.org/web/20160531235700id_/http://pubdocs.worldbank.org:80/pubdocs/publicdoc/2015/9/895701443117529385/Bilateral-Remittance-Matrix-2010.xlsx
SB,Solomon Islands,WSM,Samoa,2010,5230.29,,world_bank_bilateral_remittances_2010.xlsx,https://web.archive.org/web/20160531235700id_/http://pubdocs.worldbank.org:80/pubdocs/publicdoc/2015/9/895701443117529385/Bilateral-Remittance-Matrix-2010.xlsx
TO,Tonga,WSM,Samoa,2010,150050.4,,world_bank_bilateral_remittances_2010.xlsx,https://web.archive.org/web/20160531235700id_/http://pubdocs.worldbank.org:80/pubdocs/publicdoc/2015/9/895701443117529385/Bilateral-Remittance-Matrix-2010.xlsx
VU,Vanuatu,WSM,Samoa,2010,69182.59,,world_bank_bilateral_remittances_2010.xlsx,https://web.archive.org/web/20160531235700id_/http://pubdocs.worldbank.org:80/pubdocs/publicdoc/2015/9/895701443117529385/Bilateral-Remittance-Matrix-2010.xlsx
FJ,Fiji,SVK,Slovak Republic,2010,476.61,,world_bank_bilateral_remittances_2010.xlsx,https://web.archive.org/web/20160531235700id_/http://pubdocs.worldbank.org:80/pubdocs/publicdoc/2015/9/895701443117529385/Bilateral-Remittance-Matrix-2010.xlsx
PG,Papua New Guinea,SVK,Slovak Republic,2010,230.45,,world_bank_bilateral_remittances_2010.xlsx,https://web.archive.org/web/20160531235700id_/http://pubdocs.worldbank.org:80/pubdocs/publicdoc/2015/9/895701443117529385/Bilateral-Remittance-Matrix-2010.xlsx
WS,Samoa,SVK,Slovak Republic,2010,1210.09,,world_bank_bilateral_remittances_2010.xlsx,https://web.archive.org/web/20160531235700id_/http://pubdocs.worldbank.org:80/pubdocs/publicdoc/2015/9/895701443117529385/Bilateral-Remittance-Matrix-2010.xlsx
FJ,Fiji,SLB,Solomon Islands,2010,203809.23,,world_bank_bilateral_remittances_2010.xlsx,https://web.archive.org/web/20160531235700id_/http://pubdocs.worldbank.org:80/pubdocs/publicdoc/2015/9/895701443117529385/Bilateral-Remittance-Matrix-2010.xlsx
PG,Papua New Guinea,SLB,Solomon Islands,2010,196884.04,,world_bank_bilateral_remittances_2010.xlsx,https://web.archive.org/web/20160531235700id_/http://pubdocs.worldbank.org:80/pubdocs/publicdoc/2015/9/895701443117529385/Bilateral-Remittance-Matrix-2010.xlsx
VU,Vanuatu,SLB,Solomon Islands,2010,35781.22,,world_bank_bilateral_remittances_2010.xlsx,https://web.archive.org/web/20160531235700id_/http://pubdocs.worldbank.org:80/pubdocs/publicdoc/2015/9/895701443117529385/Bilateral-Remittance-Matrix-2010.xlsx
FJ,Fiji,ESP,Spain,2010,44865.66,,world_bank_bilateral_remittances_2010.xlsx,https://web.archive.org/web/20160531235700id_/http://pubdocs.worldbank.org:80/pubdocs/publicdoc/2015/9/895701443117529385/Bilateral-Remittance-Matrix-2010.xlsx
PG,Papua New Guinea,ESP,Spain,2010,11936.15,,world_bank_bilateral_remittances_2010.xlsx,https://web.archive.org/web/20160531235700id_/http://pubdocs.worldbank.org:80/pubdocs/publicdoc/2015/9/895701443117529385/Bilateral-Remittance-Matrix-2010.xlsx
WS,Samoa,ESP,Spain,2010,6724.96,,world_bank_bilateral_remittances_2010.xlsx,https://web.archive.org/web/20160531235700id_/http://pubdocs.worldbank.org:80/pubdocs/publicdoc/2015/9/895701443117529385/Bilateral-Remittance-Matrix-2010.xlsx
SB,Solomon Islands,ESP,Spain,2010,1169.08,,world_bank_bilateral_remittances_2010.xlsx,https://web.archive.org/web/20160531235700id_/http://pubdocs.worldbank.org:80/pubdocs/publicdoc/2015/9/895701443117529385/Bilateral-Remittance-Matrix-2010.xlsx
TO,Tonga,ESP,Spain,2010,9439.19,,world_bank_bilateral_remittances_2010.xlsx,https://web.archive.org/web/20160531235700id_/http://pubdocs.worldbank.org:80/pubdocs/publicdoc/2015/9/895701443117529385/Bilateral-Remittance-Matrix-2010.xlsx
VU,Vanuatu,ESP,Spain,2010,364240.77,,world_bank_bilateral_remittances_2010.xlsx,https://web.archive.org/web/20160531235700id_/http://pubdocs.worldbank.org:80/pubdocs/publicdoc/2015/9/895701443117529385/Bilateral-Remittance-Matrix-2010.xlsx
FJ,Fiji,SWE,Sweden,2010,45536.22,,world_bank_bilateral_remittances_2010.xlsx,https://web.archive.org/web/20160531235700id_/http://pubdocs.worldbank.org:80/pubdocs/publicdoc/2015/9/895701443117529385/Bilateral-Remittance-Matrix-2010.xlsx
PG,Papua New Guinea,SWE,Sweden,2010,5883.23,,world_bank_bilateral_remittances_2010.xlsx,https://web.archive.org/web/20160531235700id_/http://pubdocs.worldbank.org:80/pubdocs/publicdoc/2015/9/895701443117529385/Bilateral-Remittance-Matrix-2010.xlsx
WS,Samoa,SWE,Sweden,2010,29087.12,,world_bank_bilateral_remittances_2010.xlsx,https://web.archive.org/web/20160531235700id_/http://pubdocs.worldbank.org:80/pubdocs/publicdoc/2015/9/895701443117529385/Bilateral-Remittance-Matrix-2010.xlsx
SB,Solomon Islands,SWE,Sweden,2010,1487.63,,world_bank_bilateral_remittances_2010.xlsx,https://web.archive.org/web/20160531235700id_/http://pubdocs.worldbank.org:80/pubdocs/publicdoc/2015/9/895701443117529385/Bilateral-Remittance-Matrix-2010.xlsx
TO,Tonga,SWE,Sweden,2010,44526.42,,world_bank_bilateral_remittances_2010.xlsx,https://web.archive.org/web/20160531235700id_/http://pubdocs.worldbank.org:80/pubdocs/publicdoc/2015/9/895701443117529385/Bilateral-Remittance-Matrix-2010.xlsx
FJ,Fiji,CHE,Switzerland,2010,164641.62,,world_bank_bilateral_remittances_2010.xlsx,https://web.archive.org/web/20160531235700id_/http://pubdocs.worldbank.org:80/pubdocs/publicdoc/2015/9/895701443117529385/Bilateral-Remittance-Matrix-2010.xlsx
PG,Papua New Guinea,CHE,Switzerland,2010,51890.15,,world_bank_bilateral_remittances_2010.xlsx,https://web.archive.org/web/20160531235700id_/http://pubdocs.worldbank.org:80/pubdocs/publicdoc/2015/9/895701443117529385/Bilateral-Remittance-Matrix-2010.xlsx
WS,Samoa,CHE,Switzerland,2010,15366.02,,world_bank_bilateral_remittances_2010.xlsx,https://web.archive.org/web/20160531235700id_/http://pubdocs.worldbank.org:80/pubdocs/publicdoc/2015/9/895701443117529385/Bilateral-Remittance-Matrix-2010.xlsx
SB,Solomon Islands,CHE,Switzerland,2010,6696.59,,world_bank_bilateral_remittances_2010.xlsx,https://web.archive.org/web/20160531235700id_/http://pubdocs.worldbank.org:80/pubdocs/publicdoc/2015/9/895701443117529385/Bilateral-Remittance-Matrix-2010.xlsx
TO,Tonga,CHE,Switzerland,2010,17494.32,,world_bank_bilateral_remittances_2010.xlsx,https://web.archive.org/web/20160531235700id_/http://pubdocs.worldbank.org:80/pubdocs/publicdoc/2015/9/895701443117529385/Bilateral-Remittance-Matrix-2010.xlsx
VU,Vanuatu,CHE,Switzerland,2010,113417.89,,world_bank_bilateral_remittances_2010.xlsx,https://web.archive.org/web/20160531235700id_/http://pubdocs.worldbank.org:80/pubdocs/publicdoc/2015/9/895701443117529385/Bilateral-Remittance-Matrix-2010.xlsx
FJ,Fiji,TON,Tonga,2010,61680.16,,world_bank_bilateral_remittances_2010.xlsx,https://web.archive.org/web/20160531235700id_/http://pubdocs.worldbank.org:80/pubdocs/publicdoc/2015/9/895701443117529385/Bilateral-Remittance-Matrix-2010.xlsx
WS,Samoa,TON,Tonga,2010,35913.92,,world_bank_bilateral_remittances_2010.xlsx,https://web.archive.org/web/20160531235700id_/http://pubdocs.worldbank.org:80/pubdocs/publicdoc/2015/9/895701443117529385/Bilateral-Remittance-Matrix-2010.xlsx
FJ,Fiji,TUR,Turkey,2010,1577.53,,world_bank_bilateral_remittances_2010.xlsx,https://web.archive.org/web/20160531235700id_/http://pubdocs.worldbank.org:80/pubdocs/publicdoc/2015/9/895701443117529385/Bilateral-Remittance-Matrix-2010.xlsx
PG,Papua New Guinea,TUR,Turkey,2010,369.09,,world_bank_bilateral_remittances_2010.xlsx,https://web.archive.org/web/20160531235700id_/http://pubdocs.worldbank.org:80/pubdocs/publicdoc/2015/9/895701443117529385/Bilateral-Remittance-Matrix-2010.xlsx
WS,Samoa,TUR,Turkey,2010,15973.69,,world_bank_bilateral_remittances_2010.xlsx,https://web.archive.org/web/20160531235700id_/http://pubdocs.worldbank.org:80/pubdocs/publicdoc/2015/9/895701443117529385/Bilateral-Remittance-Matrix-2010.xlsx
SB,Solomon Islands,TUR,Turkey,2010,643.75,,world_bank_bilateral_remittances_2010.xlsx,https://web.archive.org/web/20160531235700id_/http://pubdocs.worldbank.org:80/pubdocs/publicdoc/2015/9/895701443117529385/Bilateral-Remittance-Matrix-2010.xlsx
VU,Vanuatu,TUR,Turkey,2010,9019.09,,world_bank_bilateral_remittances_2010.xlsx,https://web.archive.org/web/20160531235700id_/http://pubdocs.worldbank.org:80/pubdocs/publicdoc/2015/9/895701443117529385/Bilateral-Remittance-Matrix-2010.xlsx
FJ,Fiji,GBR,United Kingdom,2010,3960791.59,,world_bank_bilateral_remittances_2010.xlsx,https://web.archive.org/web/20160531235700id_/http://pubdocs.worldbank.org:80/pubdocs/publicdoc/2015/9/895701443117529385/Bilateral-Remittance-Matrix-2010.xlsx
PG,Papua New Guinea,GBR,United Kingdom,2010,308203.79,,world_bank_bilateral_remittances_2010.xlsx,https://web.archive.org/web/20160531235700id_/http://pubdocs.worldbank.org:80/pubdocs/publicdoc/2015/9/895701443117529385/Bilateral-Remittance-Matrix-2010.xlsx
WS,Samoa,GBR,United Kingdom,2010,182359.58,,world_bank_bilateral_remittances_2010.xlsx,https://web.archive.org/web/20160531235700id_/http://pubdocs.worldbank.org:80/pubdocs/publicdoc/2015/9/895701443117529385/Bilateral-Remittance-Matrix-2010.xlsx
SB,Solomon Islands,GBR,United Kingdom,2010,159182.04,,world_bank_bilateral_remittances_2010.xlsx,https://web.archive.org/web/20160531235700id_/http://pubdocs.worldbank.org:80/pubdocs/publicdoc/2015/9/895701443117529385/Bilateral-Remittance-Matrix-2010.xlsx
TO,Tonga,GBR,United Kingdom,2010,292169.36,,world_bank_bilateral_remittances_2010.xlsx,https://web.archive.org/web/20160531235700id_/http://pubdocs.worldbank.org:80/pubdocs/publicdoc/2015/9/895701443117529385/Bilateral-Remittance-Matrix-2010.xlsx
VU,Vanuatu,GBR,United Kingdom,2010,592525.42,,world_bank_bilateral_remittances_2010.xlsx,https://web.archive.org/web/20160531235700id_/http://pubdocs.worldbank.org:80/pubdocs/publicdoc/2015/9/895701443117529385/Bilateral-Remittance-Matrix-2010.xlsx
FJ,Fiji,USA,United States,2010,38976860.05,,world_bank_bilateral_remittances_2010.xlsx,https://web.archive.org/web/20160531235700id_/http://pubdocs.worldbank.org:80/pubdocs/publicdoc/2015/9/895701443117529385/Bilateral-Remittance-Matrix-2010.xlsx
PG,Papua New Guinea,USA,United States,2010,562948.64,,world_bank_bilateral_remittances_2010.xlsx,https://web.archive.org/web/20160531235700id_/http://pubdocs.worldbank.org:80/pubdocs/publicdoc/2015/9/895701443117529385/Bilateral-Remittance-Matrix-2010.xlsx
WS,Samoa,USA,United States,2010,26322753.91,,world_bank_bilateral_remittances_2010.xlsx,https://web.archive.org/web/20160531235700id_/http://pubdocs.worldbank.org:80/pubdocs/publicdoc/2015/9/895701443117529385/Bilateral-Remittance-Matrix-2010.xlsx
SB,Solomon Islands,USA,United States,2010,84382.27,,world_bank_bilateral_remittances_2010.xlsx,https://web.archive.org/web/20160531235700id_/http://pubdocs.worldbank.org:80/pubdocs/publicdoc/2015/9/895701443117529385/Bilateral-Remittance-Matrix-2010.xlsx
TO,Tonga,USA,United States,2010,19682701.11,,world_bank_bilateral_remittances_2010.xlsx,https://web.archive.org/web/20160531235700id_/http://pubdocs.worldbank.org:80/pubdocs/publicdoc/2015/9/895701443117529385/Bilateral-Remittance-Matrix-2010.xlsx
VU,Vanuatu,USA,United States,2010,421710.37,,world_bank_bilateral_remittances_2010.xlsx,https://web.archive.org/web/20160531235700id_/http://pubdocs.worldbank.org:80/pubdocs/publicdoc/2015/9/895701443117529385/Bilateral-Remittance-Matrix-2010.xlsx
FJ,Fiji,VUT,Vanuatu,2010,17443.78,,world_bank_bilateral_remittances_2010.xlsx,https://web.archive.org/web/20160531235700id_/http://pubdocs.worldbank.org:80/pubdocs/publicdoc/2015/9/895701443117529385/Bilateral-Remittance-Matrix-2010.xlsx
PG,Papua New Guinea,VUT,Vanuatu,2010,1442.78,,world_bank_bilateral_remittances_2010.xlsx,https://web.archive.org/web/20160531235700id_/http://pubdocs.worldbank.org:80/pubdocs/publicdoc/2015/9/895701443117529385/Bilateral-Remittance-Matrix-2010.xlsx
SB,Solomon Islands,VUT,Vanuatu,2010,1834.44,,world_bank_bilateral_remittances_2010.xlsx,https://web.archive.org/web/20160531235700id_/http://pubdocs.worldbank.org:80/pubdocs/publicdoc/2015/9/895701443117529385/Bilateral-Remittance-Matrix-2010.xlsx
PG,Papua New Guinea,VEN,"Venezuela, RB",2010,303.07,,world_bank_bilateral_remittances_2010.xlsx,https://web.archive.org/web/20160531235700id_/http://pubdocs.worldbank.org:80/pubdocs/publicdoc/2015/9/895701443117529385/Bilateral-Remittance-Matrix-2010.xlsx
FJ,Fiji,,Other South,2010,86686.48,,world_bank_bilateral_remittances_2010.xlsx,https://web.archive.org/web/20160531235700id_/http://pubdocs.worldbank.org:80/pubdocs/publicdoc/2015/9/895701443117529385/Bilateral-Remittance-Matrix-2010.xlsx
PG,Papua New Guinea,,Other South,2010,53542.55,,world_bank_bilateral_remittances_2010.xlsx,https://web.archive.org/web/20160531235700id_/http://pubdocs.worldbank.org:80/pubdocs/publicdoc/2015/9/895701443117529385/Bilateral-Remittance-Matrix-2010.xlsx
WS,Samoa,,Other South,2010,1939891.34,,world_bank_bilateral_remittances_2010.xlsx,https://web.archive.org/web/20160531235700id_/http://pubdocs.worldbank.org:80/pubdocs/publicdoc/2015/9/895701443117529385/Bilateral-Remittance-Matrix-2010.xlsx
SB,Solomon Islands,,Other South,2010,3266.77,,world_bank_bilateral_remittances_2010.xlsx,https://web.archive.org/web/20160531235700id_/http://pubdocs.worldbank.org:80/pubdocs/publicdoc/2015/9/895701443117529385/Bilateral-Remittance-Matrix-2010.xlsx
TO,Tonga,,Other South,2010,333640.46,,world_bank_bilateral_remittances_2010.xlsx,https://web.archive.org/web/20160531235700id_/http://pubdocs.worldbank.org:80/pubdocs/publicdoc/2015/9/895701443117529385/Bilateral-Remittance-Matrix-2010.xlsx
VU,Vanuatu,,Other South,2010,71812.2,,world_bank_bilateral_remittances_2010.xlsx,https://web.archive.org/web/20160531235700id_/http://pubdocs.worldbank.org:80/pubdocs/publicdoc/2015/9/895701443117529385/Bilateral-Remittance-Matrix-2010.xlsx
PF,French Polynesia,,Unidentified*,2010,699674857.44,,world_bank_bilateral_remittances_2010.xlsx,https://web.archive.org/web/20160531235700id_/http://pubdocs.worldbank.org:80/pubdocs/publicdoc/2015/9/895701443117529385/Bilateral-Remittance-Matrix-2010.xlsx
NC,New Caledonia,,Unidentified*,2010,491844332.65,,world_bank_bilateral_remittances_2010.xlsx,https://web.archive.org/web/20160531235700id_/http://pubdocs.worldbank.org:80/pubdocs/publicdoc/2015/9/895701443117529385/Bilateral-Remittance-Matrix-2010.xlsx
FJ,Fiji,,Total Remittances,2010,157955020.06,,world_bank_bilateral_remittances_2010.xlsx,https://web.archive.org/web/20160531235700id_/http://pubdocs.worldbank.org:80/pubdocs/publicdoc/2015/9/895701443117529385/Bilateral-Remittance-Matrix-2010.xlsx
PF,French Polynesia,,Total Remittances,2010,699674857.44,,world_bank_bilateral_remittances_2010.xlsx,https://web.archive.org/web/20160531235700id_/http://pubdocs.worldbank.org:80/pubdocs/publicdoc/2015/9/895701443117529385/Bilateral-Remittance-Matrix-2010.xlsx
NC,New Caledonia,,Total Remittances,2010,491844332.65,,world_bank_bilateral_remittances_2010.xlsx,https://web.archive.org/web/20160531235700id_/http://pubdocs.worldbank.org:80/pubdocs/publicdoc/2015/9/895701443117529385/Bilateral-Remittance-Matrix-2010.xlsx
PG,Papua New Guinea,,Total Remittances,2010,10848403.41,,world_bank_bilateral_remittances_2010.xlsx,https://web.archive.org/web/20160531235700id_/http://pubdocs.worldbank.org:80/pubdocs/publicdoc/2015/9/895701443117529385/Bilateral-Remittance-Matrix-2010.xlsx
WS,Samoa,,Total Remittances,2010,122088058.54,,world_bank_bilateral_remittances_2010.xlsx,https://web.archive.org/web/20160531235700id_/http://pubdocs.worldbank.org:80/pubdocs/publicdoc/2015/9/895701443117529385/Bilateral-Remittance-Matrix-2010.xlsx
SB,Solomon Islands,,Total Remittances,2010,1672893.36,,world_bank_bilateral_remittances_2010.xlsx,https://web.archive.org/web/20160531235700id_/http://pubdocs.worldbank.org:80/pubdocs/publicdoc/2015/9/895701443117529385/Bilateral-Remittance-Matrix-2010.xlsx
TO,Tonga,,Total Remittances,2010,71505709.74,,world_bank_bilateral_remittances_2010.xlsx,https://web.archive.org/web/20160531235700id_/http://pubdocs.worldbank.org:80/pubdocs/publicdoc/2015/9/895701443117529385/Bilateral-Remittance-Matrix-2010.xlsx
VU,Vanuatu,,Total Remittances,2010,11768615.66,,world_bank_bilateral_remittances_2010.xlsx,https://web.archive.org/web/20160531235700id_/http://pubdocs.worldbank.org:80/pubdocs/publicdoc/2015/9/895701443117529385/Bilateral-Remittance-Matrix-2010.xlsx
